{"training_profit": [-387.6400000000001, -411.47], "training_pratio": [0.7142857142857143, 0.5555555555555556], "validation_profit": [-239.1500000000001, -234.35000000000036], "validation_pratio": [1.0, 0.7777777777777778], "validation_extraCash": [9.0, 9.0]}