{"training_profit": [-1431.2400000000011, -1246.3600000000001, -1241.5599999999995, -289.30999999999926, -868.1099999999997, -803.6599999999999, -1061.3999999999992, -661.4399999999994, -1379.0299999999993, -1017.2800000000007, -931.2100000000012, -955.4199999999998, -630.8000000000006, -678.689999999998, -356.7099999999987, -467.81000000000085, -280.71000000000004, -96.72000000000071, -531.7599999999989, -271.9600000000012, -827.3000000000006, -280.23000000000025, -408.89000000000146, -467.13000000000125, -540.2, -781.9700000000009, -751.8600000000015, -893.9700000000007, -880.8400000000013, -943.350000000002, -26.49000000000433, -914.5100000000016, -580.0200000000018, -267.44000000000005, -453.39999999999964, -235.1300000000008, -305.7199999999996, -74.08000000000129, 93.97999999999865, 514.9700000000016, 780.7399999999993, -419.7699999999993, -469.3600000000008, -642.1299999999999, 170.77999999999975, -700.1699999999996], "training_pratio": [0.4691358024691358, 0.6046511627906976, 0.5944055944055944, 0.592, 0.514018691588785, 0.5806451612903226, 0.5737704918032787, 0.552901023890785, 0.4486486486486487, 0.5018587360594795, 0.4982456140350877, 0.5102880658436214, 0.5379537953795379, 0.4981549815498155, 0.5425867507886435, 0.56, 0.5642023346303502, 0.5982532751091703, 0.5477707006369427, 0.5935483870967742, 0.512, 0.5508021390374331, 0.5377777777777778, 0.5266272189349113, 0.5594405594405595, 0.5481481481481482, 0.49823321554770317, 0.5211581291759465, 0.5055928411633109, 0.5459610027855153, 0.5248933143669986, 0.48812664907651715, 0.5116772823779193, 0.5327510917030568, 0.5981308411214953, 0.5096774193548387, 0.5202312138728323, 0.5141700404858299, 0.5198412698412699, 0.6104651162790697, 0.6089108910891089, 0.72, 0.7142857142857143, 1.0, 0.5223880597014925, 0.7272727272727273], "validation_profit": [-379.75999999999885, -376.8699999999999, -496.6699999999996, -532.789999999999, -536.56, -486.0899999999997, -292.7800000000002, -504.9499999999998, -691.94, -596.9699999999989, -1.439999999999145, -41.179999999999836, 71.07000000000016, -556.21, -107.57999999999947], "validation_pratio": [0.5, 0.5333333333333333, 0.37254901960784315, 0.38636363636363635, 0.3793103448275862, 0.5384615384615384, 0.6923076923076923, 0.46153846153846156, 0.36363636363636365, 0.46511627906976744, 0.5769230769230769, 0.7142857142857143, 0.8181818181818182, 1.0, 0.5], "validation_extracash": [379.75999999999885, 376.8699999999999, 493.6699999999996, 532.789999999999, 537.7199999999998, 441.12999999999965, 212.9000000000001, 484.9599999999996, 658.2599999999998, 563.2899999999986, 80.27999999999975, 72.99000000000024, 0.0, 0.0, 107.57999999999947]}