{"training_profit": [1608.85], "training_pratio": [0.9090909090909091], "validation_profit": [-256.30999999999995], "validation_pratio": [1.0], "validation_extraCash": [0.0]}