{"training_profit": [-625.55, 87.86999999999898, -557.8999999999996, -560.5899999999999, -607.6299999999999, 220.45999999999958, -596.6899999999998, -630.0900000000001, -640.03, -640.03, -626.72, -626.72, -616.7800000000002, -571.9299999999998, -561.04, -560.9899999999998, -565.3599999999999, -561.04, -561.05, -552.3199999999999, 146.78999999999996], "training_pratio": [1.0, 0.7458563535911602, 0.9230769230769231, 0.9230769230769231, 1.0, 0.8608695652173913, 1.0, 1.0, 1.0, 1.0, 1.0, 1.0, 1.0, 0.8888888888888888, 0.9333333333333333, 0.9090909090909091, 0.9230769230769231, 0.9333333333333333, 0.9411764705882353, 0.9411764705882353, 0.7786259541984732], "validation_profit": [-159.94000000000005, 96.85999999999922, 33.77999999999929, -31.630000000000564, -14.9300000000012, 70.72999999999865, 15.699999999997999, 73.04999999999927, 49.629999999998745, 59.41999999999871, 86.10999999999922, 43.76999999999907, 29.47999999999911, -4.3500000000008185, 23.80999999999949, 31.959999999999127, 9.920000000000073, -19.1200000000008, 145.92000000000053, 36.309999999999036, 101.55999999999995], "validation_pratio": [0.4857142857142857, 0.746268656716418, 0.8205128205128205, 0.6666666666666666, 0.7209302325581395, 0.7755102040816326, 0.7317073170731707, 0.7551020408163265, 0.723404255319149, 0.7674418604651163, 0.8292682926829268, 0.7843137254901961, 0.7358490566037735, 0.7058823529411765, 0.7446808510638298, 0.7659574468085106, 0.7674418604651163, 0.7446808510638298, 0.7868852459016393, 0.7659574468085106, 0.7818181818181819], "validation_extraCash": [50.0, 50.0, 50.0, 50.0, 50.0, 50.0, 50.0, 50.0, 50.0, 50.0, 50.0, 50.0, 50.0, 50.0, 50.0, 50.0, 50.0, 50.0, 50.0, 50.0, 50.0]}