{"training_profit": [-989.309999999999, -889.0800000000008, -557.8600000000008, -1273.9899999999986, -1100.600000000001, -1210.1699999999996, -377.7099999999991, -551.2500000000007, -240.34000000000083, -680.5100000000002, -321.7799999999993, -67.41999999999825, -395.06999999999744, -501.069999999997, -157.30999999999926, -530.6999999999998, -612.0999999999988, 156.15000000000146, -8.840000000000146, 150.44000000000005, -6.809999999999945, -526.3200000000008, -855.3199999999995, -1092.7100000000014, -1308.8100000000004, -1087.5499999999981, -1501.889999999999, -1481.9899999999984, -530.5499999999981, 115.4600000000014, 26.93000000000029, 3.0900000000001455, 5.389999999999873, 13.639999999999873, 7.0099999999997635, 13.88000000000011, -177.74000000000024, 30.780000000000655, 24.090000000000146, 8.659999999999854], "training_pratio": [0.5468354430379747, 0.6918918918918919, 0.6063492063492063, 0.6231155778894473, 0.6412556053811659, 0.6811594202898551, 0.6573705179282868, 0.6339622641509434, 0.6244541484716157, 0.6007326007326007, 0.6, 0.6182336182336182, 0.5761194029850746, 0.581267217630854, 0.5931232091690545, 0.5565749235474006, 0.5920679886685553, 0.5951219512195122, 0.6275862068965518, 0.6175, 0.6262626262626263, 0.6073619631901841, 0.5658914728682171, 0.5631067961165048, 0.5207667731629393, 0.5560640732265446, 0.5167173252279635, 0.5223367697594502, 0.5331230283911672, 0.57, 0.5588235294117647, 0.6333333333333333, 0.9, 0.75, 0.5, 0.5, 0.42105263157894735, 0.5416666666666666, 0.6153846153846154, 0.5172413793103449], "validation_profit": [-618.2100000000005, -608.9299999999994, -673.9599999999996, -742.7200000000007, -674.9500000000007, -681.5400000000009, -743.6300000000006, -643.0599999999995, -338.0900000000006, -23.210000000000036, 0.0, -114.52000000000044, -9.449999999999818], "validation_pratio": [0.5454545454545454, 0.4318181818181818, 0.42105263157894735, 0.38461538461538464, 0.3548387096774194, 0.41379310344827586, 0.24, 0.55, 0.36936936936936937, 0.5, 0.0, 0.3148148148148148, 0.5], "validation_extracash": [609.1500000000001, 608.9299999999994, 673.9599999999996, 733.6600000000003, 622.8400000000006, 629.4300000000007, 701.1900000000005, 643.0599999999995, 340.2200000000007, 23.210000000000036, 0.0, 114.52000000000044, 9.449999999999818]}