{"training_profit": [-641.19, -557.8699999999999, -635.73, -637.31, -637.31, -635.73, -640.03, -640.03, -640.03, -640.03, -640.03, -640.03, -619.97, -537.6999999999998, -625.54, -627.75, -627.75, -640.03], "training_pratio": [1.0, 1.0, 1.0, 1.0, 1.0, 1.0, 1.0, 1.0, 1.0, 1.0, 1.0, 1.0, 1.0, 0.9090909090909091, 1.0, 1.0, 1.0, 1.0], "validation_profit": [20.629999999999654, 22.870000000000346, 88.53999999999905, 37.719999999999345, -0.5600000000004002, 28.389999999999873, 6.139999999999418, 6.139999999999418, 2.9400000000000546, 52.309999999999945, 10.580000000000837, -26.329999999999018, -20.209999999999127, 2.3900000000003274, -0.7300000000000182, 102.01000000000158, 6.360000000001492, -64.26999999999907], "validation_pratio": [0.6896551724137931, 0.7878787878787878, 0.8571428571428571, 0.8285714285714286, 0.8387096774193549, 0.8, 0.8064516129032258, 0.8064516129032258, 0.7931034482758621, 0.8, 0.8048780487804879, 0.7878787878787878, 0.8108108108108109, 0.7714285714285715, 0.9259259259259259, 0.8627450980392157, 0.8285714285714286, 0.7407407407407407], "validation_extraCash": [50.0, 50.0, 50.0, 50.0, 50.0, 50.0, 50.0, 50.0, 50.0, 50.0, 50.0, 50.0, 50.0, 50.0, 50.0, 50.0, 50.0, 50.0]}