{"training_profit": [-368.09000000000015, -367.34000000000015], "training_pratio": [0.8571428571428571, 0.6666666666666666], "validation_profit": [-176.9300000000003, -256.09000000000015], "validation_pratio": [0.8888888888888888, 1.0], "validation_extraCash": [15.0, 15.0]}