{"training_profit": [51.470000000000255, 460.6399999999999, 172.5699999999997, 691.5700000000006, 372.5600000000004, -640.9200000000001, -640.9200000000001, -676.6899999999998, 685.9000000000001, -675.6599999999999, 983.7000000000021, 1088.8399999999992, 625.8000000000006, -675.6599999999999, 882.2800000000016, 655.8700000000013, -675.6599999999999, 1004.0200000000013, 1052.940000000001, 665.8799999999992], "training_pratio": [0.5, 0.9, 0.6190476190476191, 0.7830188679245284, 0.7272727272727273, 0.6666666666666666, 0.6666666666666666, 0.5714285714285714, 0.6413043478260869, 0.5714285714285714, 0.6939655172413793, 0.6567796610169492, 0.6304347826086957, 0.5714285714285714, 0.654639175257732, 0.676056338028169, 0.5714285714285714, 0.6785714285714286, 0.7364864864864865, 0.7666666666666667], "validation_profit": [-252.2800000000002, -18.539999999999964, 123.21000000000004, 4.519999999999982, -23.119999999999436, 32.70999999999958, 134.75000000000045, 54.400000000000546, 46.23000000000047, 116.82000000000062, 103.21000000000095, 120.70000000000073, 158.20999999999958, 112.2800000000002, 129.32999999999947, 18.999999999999545, 103.61000000000013, 23.100000000000364, 17.890000000001237, 32.58000000000084], "validation_pratio": [0.0, 0.6666666666666666, 0.5833333333333334, 0.6666666666666666, 0.7142857142857143, 0.7142857142857143, 0.7142857142857143, 0.6666666666666666, 0.64, 0.6551724137931034, 0.6451612903225806, 0.6296296296296297, 0.6666666666666666, 0.631578947368421, 0.8125, 0.75, 0.7272727272727273, 0.5714285714285714, 0.53125, 0.6363636363636364], "validation_extraCash": [50.0, 50.0, 50.0, 50.0, 50.0, 50.0, 50.0, 50.0, 50.0, 50.0, 50.0, 50.0, 50.0, 50.0, 50.0, 50.0, 50.0, 50.0, 50.0, 50.0]}